Date,XLB,XLC,XLE,XLF,XLI,XLK,XLP,XLRE,XLU,XLV,XLY,TLT
2014-11-14,0.0,0.0,0.0,0.0,0.0,0.5,0.5,0.0,0.0,0.0,0.0,0.0
2014-12-12,0.0,0.0,0.4,0.0,0.0,0.4,0.0,0.0,0.0,0.0,0.0,0.19999999999999996
2015-01-09,0.0,0.0,0.0,0.0,0.0,0.4,0.4,0.0,0.0,0.0,0.0,0.19999999999999996
2015-02-06,0.0,0.0,0.0,0.5,0.0,0.0,0.0,0.0,0.0,0.0,0.5,0.0
2015-03-06,0.0,0.0,0.0,0.0,0.0,0.4,0.0,0.0,0.0,0.0,0.4,0.19999999999999996
2015-04-03,0.0,0.0,0.0,0.0,0.4,0.0,0.0,0.0,0.0,0.0,0.4,0.19999999999999996
2015-05-01,0.5,0.0,0.0,0.0,0.5,0.0,0.0,0.0,0.0,0.0,0.0,0.0
2015-05-29,0.4,0.0,0.0,0.0,0.4,0.0,0.0,0.0,0.0,0.0,0.0,0.19999999999999996
2015-06-26,0.0,0.0,0.0,0.0,0.0,0.0,0.0,0.4,0.4,0.0,0.0,0.19999999999999996
2015-07-24,0.4,0.0,0.0,0.0,0.0,0.0,0.0,0.0,0.4,0.0,0.0,0.19999999999999996
2015-08-21,0.0,0.0,0.4,0.0,0.0,0.0,0.0,0.0,0.0,0.0,0.4,0.19999999999999996
2015-09-18,0.0,0.0,0.0,0.4,0.0,0.0,0.0,0.0,0.0,0.0,0.4,0.19999999999999996
2015-10-16,0.0,0.0,0.0,0.4,0.0,0.0,0.0,0.0,0.4,0.0,0.0,0.19999999999999996
2015-11-13,0.0,0.0,0.0,0.5,0.0,0.0,0.0,0.0,0.5,0.0,0.0,0.0
2015-12-11,0.0,0.0,0.25,0.0,0.0,0.25,0.0,0.0,0.0,0.0,0.0,0.5
2016-01-08,0.0,0.0,0.4,0.0,0.0,0.0,0.0,0.4,0.0,0.0,0.0,0.19999999999999996
2016-02-05,0.0,0.0,0.5,0.0,0.0,0.0,0.0,0.0,0.0,0.5,0.0,0.0
2016-03-04,0.0,0.0,0.0,0.0,0.5,0.0,0.5,0.0,0.0,0.0,0.0,0.0
2016-04-01,0.0,0.0,0.5,0.0,0.0,0.0,0.0,0.5,0.0,0.0,0.0,0.0
2016-04-29,0.0,0.0,0.0,0.0,0.0,0.0,0.0,0.5,0.5,0.0,0.0,0.0
2016-05-27,0.0,0.0,0.0,0.0,0.0,0.0,0.0,0.0,0.4,0.4,0.0,0.19999999999999996
2016-06-24,0.0,0.0,0.0,0.0,0.0,0.0,0.5,0.0,0.0,0.0,0.5,0.0
2016-07-22,0.0,0.0,0.0,0.5,0.0,0.0,0.0,0.0,0.0,0.5,0.0,0.0
2016-08-19,0.0,0.0,0.25,0.25,0.0,0.0,0.0,0.0,0.0,0.0,0.0,0.5
2016-09-16,0.0,0.0,0.0,0.4,0.0,0.0,0.0,0.4,0.0,0.0,0.0,0.19999999999999996
2016-10-14,0.0,0.0,0.0,0.25,0.0,0.25,0.0,0.0,0.0,0.0,0.0,0.5
2016-11-11,0.0,0.0,0.0,0.0,0.0,0.0,0.0,0.0,0.0,0.0,0.0,1.0
2016-12-09,0.0,0.0,0.0,0.0,0.25,0.25,0.0,0.0,0.0,0.0,0.0,0.5
2017-01-06,0.0,0.0,0.0,0.5,0.0,0.0,0.0,0.0,0.0,0.5,0.0,0.0
2017-02-03,0.0,0.5,0.0,0.0,0.0,0.0,0.0,0.0,0.0,0.0,0.5,0.0
2017-03-03,0.0,0.0,0.0,0.0,0.5,0.0,0.5,0.0,0.0,0.0,0.0,0.0
2017-03-31,0.0,0.0,0.0,0.5,0.5,0.0,0.0,0.0,0.0,0.0,0.0,0.0
2017-04-28,0.4,0.0,0.0,0.4,0.0,0.0,0.0,0.0,0.0,0.0,0.0,0.19999999999999996
2017-05-26,0.0,0.0,0.0,0.0,0.0,0.0,0.0,0.0,0.0,0.0,0.0,1.0
2017-06-23,0.0,0.5,0.0,0.5,0.0,0.0,0.0,0.0,0.0,0.0,0.0,0.0
2017-07-21,0.0,0.0,0.0,0.4,0.0,0.0,0.0,0.0,0.0,0.0,0.4,0.19999999999999996
2017-08-18,0.0,0.0,0.0,0.5,0.0,0.0,0.0,0.0,0.0,0.0,0.5,0.0
2017-09-15,0.0,0.0,0.4,0.0,0.0,0.0,0.0,0.0,0.4,0.0,0.0,0.19999999999999996
2017-10-13,0.0,0.0,0.0,0.4,0.0,0.0,0.0,0.0,0.0,0.0,0.4,0.19999999999999996
2017-11-10,0.0,0.0,0.0,0.5,0.0,0.0,0.0,0.0,0.0,0.0,0.5,0.0
2017-12-08,0.0,0.5,0.0,0.5,0.0,0.0,0.0,0.0,0.0,0.0,0.0,0.0
2018-01-05,0.0,0.0,0.0,0.5,0.0,0.5,0.0,0.0,0.0,0.0,0.0,0.0
2018-02-02,0.0,0.4,0.0,0.4,0.0,0.0,0.0,0.0,0.0,0.0,0.0,0.19999999999999996
2018-03-02,0.0,0.4,0.0,0.4,0.0,0.0,0.0,0.0,0.0,0.0,0.0,0.19999999999999996
2018-03-30,0.0,0.0,0.0,0.0,0.0,0.0,0.0,0.0,0.0,0.0,0.0,1.0
2018-04-27,0.25,0.0,0.0,0.0,0.25,0.0,0.0,0.0,0.0,0.0,0.0,0.5
2018-05-25,0.0,0.0,0.5,0.0,0.0,0.0,0.0,0.0,0.5,0.0,0.0,0.0
2018-06-22,0.0,0.4,0.0,0.0,0.0,0.0,0.0,0.0,0.4,0.0,0.0,0.19999999999999996
2018-07-20,0.0,0.4,0.0,0.0,0.0,0.0,0.0,0.0,0.4,0.0,0.0,0.19999999999999996
2018-08-17,0.4,0.0,0.0,0.0,0.0,0.0,0.0,0.4,0.0,0.0,0.0,0.19999999999999996
2018-09-14,0.25,0.0,0.0,0.0,0.0,0.0,0.0,0.25,0.0,0.0,0.0,0.5
2018-10-12,0.0,0.0,0.0,0.0,0.0,0.0,0.0,0.5,0.0,0.5,0.0,0.0
2018-11-09,0.0,0.0,0.0,0.0,0.0,0.0,0.0,0.0,0.0,0.0,0.0,1.0
2018-12-07,0.0,0.0,0.0,0.0,0.0,0.0,0.0,0.0,0.0,0.0,0.0,1.0
2019-01-04,0.0,0.0,0.0,0.0,0.0,0.0,0.0,0.0,0.0,0.0,0.0,1.0
2019-02-01,0.0,0.0,0.0,0.0,0.0,0.0,0.0,0.0,0.0,0.0,0.0,1.0
2019-03-01,0.0,0.0,0.0,0.0,0.5,0.0,0.0,0.0,0.5,0.0,0.0,0.0
2019-03-29,0.0,0.0,0.0,0.4,0.0,0.0,0.0,0.0,0.4,0.0,0.0,0.19999999999999996
2019-04-26,0.0,0.0,0.4,0.4,0.0,0.0,0.0,0.0,0.0,0.0,0.0,0.19999999999999996
2019-05-24,0.0,0.0,0.0,0.4,0.0,0.0,0.0,0.0,0.0,0.0,0.4,0.19999999999999996
2019-06-21,0.0,0.0,0.0,0.4,0.0,0.0,0.0,0.0,0.4,0.0,0.0,0.19999999999999996
2019-07-19,0.0,0.0,0.0,0.5,0.0,0.0,0.0,0.0,0.5,0.0,0.0,0.0
2019-08-16,0.0,0.0,0.0,0.5,0.0,0.0,0.0,0.0,0.5,0.0,0.0,0.0
2019-09-13,0.0,0.0,0.0,0.0,0.0,0.0,0.0,0.4,0.0,0.0,0.4,0.19999999999999996
2019-10-11,0.0,0.0,0.0,0.0,0.0,0.4,0.0,0.0,0.4,0.0,0.0,0.19999999999999996
2019-11-08,0.0,0.0,0.0,0.0,0.0,0.0,0.0,0.0,0.0,0.0,0.0,1.0
2019-12-06,0.0,0.4,0.0,0.0,0.0,0.0,0.0,0.4,0.0,0.0,0.0,0.19999999999999996
2020-01-03,0.0,0.4,0.0,0.0,0.0,0.0,0.0,0.4,0.0,0.0,0.0,0.19999999999999996
2020-01-31,0.0,0.0,0.25,0.0,0.0,0.0,0.0,0.0,0.0,0.0,0.25,0.5
2020-02-28,0.0,0.25,0.0,0.0,0.0,0.0,0.0,0.25,0.0,0.0,0.0,0.5
2020-03-27,0.0,0.0,0.0,0.0,0.0,0.0,0.0,0.0,0.0,0.0,0.0,1.0
2020-04-24,0.0,0.25,0.0,0.25,0.0,0.0,0.0,0.0,0.0,0.0,0.0,0.5
2020-05-22,0.4,0.4,0.0,0.0,0.0,0.0,0.0,0.0,0.0,0.0,0.0,0.19999999999999996
2020-06-19,0.5,0.0,0.0,0.0,0.0,0.0,0.0,0.0,0.5,0.0,0.0,0.0
2020-07-17,0.0,0.0,0.0,0.0,0.0,0.25,0.0,0.0,0.0,0.0,0.25,0.5
2020-08-14,0.0,0.0,0.0,0.4,0.0,0.0,0.0,0.0,0.0,0.0,0.4,0.19999999999999996
2020-09-11,0.0,0.0,0.0,0.0,0.0,0.0,0.0,0.0,0.0,0.0,0.0,1.0
2020-10-09,0.0,0.0,0.0,0.25,0.0,0.0,0.0,0.0,0.0,0.25,0.0,0.5
2020-11-06,0.0,0.0,0.0,0.25,0.0,0.0,0.0,0.0,0.0,0.25,0.0,0.5
2020-12-04,0.0,0.0,0.4,0.4,0.0,0.0,0.0,0.0,0.0,0.0,0.0,0.19999999999999996
2021-01-01,0.0,0.0,0.0,0.0,0.0,0.0,0.0,0.0,0.0,0.0,0.0,1.0
2021-01-29,0.0,0.0,0.4,0.4,0.0,0.0,0.0,0.0,0.0,0.0,0.0,0.19999999999999996
2021-02-26,0.0,0.0,0.4,0.4,0.0,0.0,0.0,0.0,0.0,0.0,0.0,0.19999999999999996
2021-03-26,0.0,0.0,0.25,0.25,0.0,0.0,0.0,0.0,0.0,0.0,0.0,0.5
2021-04-23,0.0,0.0,0.4,0.4,0.0,0.0,0.0,0.0,0.0,0.0,0.0,0.19999999999999996
2021-05-21,0.0,0.0,0.0,0.4,0.0,0.0,0.0,0.0,0.0,0.4,0.0,0.19999999999999996
2021-06-18,0.0,0.0,0.4,0.4,0.0,0.0,0.0,0.0,0.0,0.0,0.0,0.19999999999999996
2021-07-16,0.0,0.0,0.5,0.0,0.0,0.0,0.5,0.0,0.0,0.0,0.0,0.0
2021-08-13,0.0,0.0,0.0,0.0,0.0,0.5,0.0,0.0,0.5,0.0,0.0,0.0
2021-09-10,0.0,0.0,0.5,0.0,0.0,0.0,0.0,0.0,0.5,0.0,0.0,0.0
2021-10-08,0.0,0.0,0.4,0.0,0.0,0.0,0.0,0.0,0.4,0.0,0.0,0.19999999999999996
2021-11-05,0.0,0.0,0.4,0.4,0.0,0.0,0.0,0.0,0.0,0.0,0.0,0.19999999999999996
2021-12-03,0.0,0.0,0.0,0.4,0.0,0.0,0.0,0.4,0.0,0.0,0.0,0.19999999999999996
2021-12-31,0.0,0.0,0.0,0.4,0.0,0.0,0.0,0.0,0.4,0.0,0.0,0.19999999999999996
2022-01-28,0.0,0.0,0.0,0.0,0.0,0.0,0.0,0.4,0.4,0.0,0.0,0.19999999999999996
2022-02-25,0.0,0.0,0.0,0.4,0.0,0.0,0.0,0.4,0.0,0.0,0.0,0.19999999999999996
2022-03-25,0.0,0.0,0.25,0.0,0.25,0.0,0.0,0.0,0.0,0.0,0.0,0.5
2022-04-22,0.0,0.4,0.0,0.0,0.0,0.0,0.4,0.0,0.0,0.0,0.0,0.19999999999999996
2022-05-20,0.0,0.0,0.0,0.0,0.0,0.0,0.0,0.25,0.0,0.0,0.25,0.5
2022-06-17,0.0,0.0,0.25,0.25,0.0,0.0,0.0,0.0,0.0,0.0,0.0,0.5
2022-07-15,0.0,0.0,0.0,0.0,0.0,0.0,0.0,0.0,0.25,0.0,0.25,0.5
2022-08-12,0.0,0.0,0.4,0.0,0.0,0.0,0.0,0.0,0.0,0.0,0.4,0.19999999999999996
2022-09-09,0.0,0.0,0.0,0.0,0.0,0.0,0.0,0.25,0.0,0.0,0.25,0.5
2022-10-07,0.25,0.0,0.0,0.0,0.0,0.0,0.0,0.0,0.0,0.0,0.25,0.5
2022-11-04,0.0,0.25,0.0,0.0,0.0,0.25,0.0,0.0,0.0,0.0,0.0,0.5
2022-12-02,0.0,0.0,0.4,0.0,0.0,0.0,0.0,0.0,0.4,0.0,0.0,0.19999999999999996
2022-12-30,0.0,0.0,0.25,0.25,0.0,0.0,0.0,0.0,0.0,0.0,0.0,0.5
2023-01-27,0.0,0.0,0.5,0.0,0.0,0.0,0.0,0.0,0.0,0.0,0.5,0.0
2023-02-24,0.4,0.0,0.4,0.0,0.0,0.0,0.0,0.0,0.0,0.0,0.0,0.19999999999999996
2023-03-24,0.0,0.0,0.0,0.0,0.0,0.25,0.0,0.0,0.25,0.0,0.0,0.5
2023-04-21,0.0,0.0,0.0,0.0,0.0,0.5,0.0,0.0,0.5,0.0,0.0,0.0
2023-05-19,0.0,0.0,0.0,0.0,0.0,0.0,0.5,0.0,0.5,0.0,0.0,0.0
2023-06-16,0.0,0.0,0.5,0.0,0.0,0.5,0.0,0.0,0.0,0.0,0.0,0.0
2023-07-14,0.0,0.0,0.4,0.0,0.0,0.0,0.0,0.0,0.0,0.0,0.4,0.19999999999999996
2023-08-11,0.0,0.0,0.0,0.5,0.0,0.0,0.0,0.0,0.0,0.0,0.5,0.0
2023-09-08,0.0,0.0,0.0,0.4,0.0,0.0,0.4,0.0,0.0,0.0,0.0,0.19999999999999996
2023-10-06,0.0,0.0,0.4,0.0,0.0,0.0,0.0,0.0,0.4,0.0,0.0,0.19999999999999996
2023-11-03,0.0,0.0,0.25,0.25,0.0,0.0,0.0,0.0,0.0,0.0,0.0,0.5
2023-12-01,0.0,0.0,0.0,0.5,0.0,0.0,0.5,0.0,0.0,0.0,0.0,0.0
2023-12-29,0.0,0.0,0.0,0.0,0.0,0.0,0.0,0.0,0.4,0.0,0.4,0.19999999999999996
2024-01-26,0.0,0.0,0.5,0.0,0.0,0.0,0.0,0.0,0.0,0.0,0.5,0.0
2024-02-23,0.0,0.0,0.5,0.0,0.0,0.0,0.0,0.0,0.0,0.0,0.5,0.0
2024-03-22,0.0,0.0,0.5,0.0,0.0,0.0,0.0,0.5,0.0,0.0,0.0,0.0
2024-04-19,0.0,0.0,0.0,0.5,0.0,0.0,0.5,0.0,0.0,0.0,0.0,0.0
2024-05-17,0.0,0.0,0.0,0.0,0.5,0.0,0.0,0.5,0.0,0.0,0.0,0.0
2024-06-14,0.0,0.0,0.0,0.0,0.0,0.0,0.5,0.0,0.0,0.0,0.5,0.0
2024-07-12,0.0,0.0,0.0,0.0,0.0,0.0,0.5,0.0,0.0,0.0,0.5,0.0
2024-08-09,0.0,0.25,0.0,0.0,0.0,0.0,0.0,0.0,0.25,0.0,0.0,0.5
2024-09-06,0.5,0.0,0.0,0.0,0.0,0.0,0.0,0.0,0.0,0.0,0.5,0.0
2024-10-04,0.0,0.0,0.5,0.0,0.0,0.0,0.0,0.0,0.0,0.5,0.0,0.0
2024-11-01,0.0,0.0,0.5,0.0,0.0,0.0,0.0,0.5,0.0,0.0,0.0,0.0
2024-11-29,0.0,0.0,0.5,0.0,0.0,0.0,0.0,0.0,0.0,0.0,0.5,0.0
2024-12-27,0.0,0.0,0.4,0.0,0.0,0.0,0.0,0.0,0.0,0.0,0.4,0.19999999999999996
2025-01-24,0.0,0.0,0.5,0.0,0.0,0.0,0.0,0.0,0.0,0.0,0.5,0.0
2025-02-21,0.0,0.5,0.0,0.0,0.0,0.0,0.0,0.0,0.5,0.0,0.0,0.0
2025-03-21,0.0,0.0,0.0,0.0,0.0,0.4,0.0,0.4,0.0,0.0,0.0,0.19999999999999996
2025-04-18,0.0,0.0,0.0,0.0,0.0,0.25,0.0,0.0,0.25,0.0,0.0,0.5
2025-05-16,0.0,0.0,0.0,0.0,0.4,0.0,0.0,0.0,0.0,0.4,0.0,0.19999999999999996
2025-06-13,0.0,0.0,0.0,0.4,0.0,0.0,0.0,0.0,0.0,0.0,0.4,0.19999999999999996
2025-07-11,0.0,0.0,0.0,0.0,0.4,0.0,0.0,0.4,0.0,0.0,0.0,0.19999999999999996
2025-08-08,0.5,0.0,0.0,0.0,0.0,0.0,0.0,0.5,0.0,0.0,0.0,0.0
2025-09-05,0.0,0.0,0.0,0.0,0.5,0.0,0.0,0.0,0.0,0.5,0.0,0.0
2025-10-03,0.0,0.0,0.4,0.0,0.4,0.0,0.0,0.0,0.0,0.0,0.0,0.19999999999999996
2025-10-31,0.0,0.0,0.0,0.0,0.0,0.0,0.0,0.25,0.25,0.0,0.0,0.5
2025-11-28,0.0,0.0,0.4,0.0,0.0,0.0,0.0,0.4,0.0,0.0,0.0,0.19999999999999996
2025-12-26,0.0,0.0,0.25,0.0,0.0,0.0,0.0,0.0,0.25,0.0,0.0,0.5
2026-01-23,0.0,0.0,0.0,0.4,0.4,0.0,0.0,0.0,0.0,0.0,0.0,0.19999999999999996
2026-02-20,0.0,0.0,0.4,0.0,0.0,0.0,0.0,0.0,0.0,0.0,0.4,0.19999999999999996
2026-03-20,0.0,0.0,0.0,0.0,0.0,0.25,0.0,0.0,0.0,0.0,0.25,0.5
2026-04-17,0.0,0.0,0.0,0.0,0.0,0.0,0.0,0.0,0.0,0.0,0.0,1.0
